City_ID,City,Country,Lat,Lng,Max Temp,Humidity,Cloudiness,Wind Speed,Current Description
0,Dzhebariki-Khaya,RU,62.2167,135.8,18.88,90,100,5.86,overcast clouds
1,Baghdad,IQ,33.3406,44.4009,84.2,26,0,3.44,clear sky
2,New Norfolk,AU,-42.7826,147.0587,54.0,76,100,1.01,overcast clouds
3,Sobolevo,RU,54.4299,31.8996,44.33,83,95,10.47,overcast clouds
4,Kapaa,US,22.0752,-159.319,69.8,78,90,4.61,overcast clouds
5,Airai,TL,-8.9266,125.4092,56.7,78,80,2.39,broken clouds
6,Barrow,US,71.2906,-156.7887,17.6,86,1,10.36,clear sky
7,Thompson,CA,55.7435,-97.8558,21.2,49,1,11.5,clear sky
8,Rosetta,EG,31.4044,30.4164,86.0,37,0,6.91,clear sky
9,Dondo,MZ,-19.6094,34.7431,75.2,64,40,4.7,scattered clouds
10,Nikolskoye,RU,59.7035,30.7861,53.6,32,0,13.42,clear sky
11,Kaitangata,NZ,-46.2817,169.8464,60.01,50,73,15.01,broken clouds
12,Bluff,NZ,-46.6,168.3333,55.0,83,80,10.0,broken clouds
13,Mount Gambier,AU,-37.8333,140.7667,50.0,100,40,10.36,scattered clouds
14,Klaksvik,FO,62.2266,-6.589,44.6,76,75,4.61,broken clouds
15,Rikitea,PF,-23.1203,-134.9692,76.96,74,2,7.18,clear sky
16,Grand Gaube,MU,-20.0064,57.6608,77.0,85,100,3.0,light rain
17,Namibe,AO,-15.1961,12.1522,81.41,70,20,11.03,few clouds
18,Punta Arenas,CL,-53.15,-70.9167,50.0,71,0,3.44,clear sky
19,Mahwa,IN,27.0471,76.9288,87.6,12,10,4.59,clear sky
20,Faanui,PF,-16.4833,-151.75,82.02,72,9,11.61,clear sky
21,Vaini,TO,-21.2,-175.2,68.0,94,20,2.3,few clouds
22,Camopi,GF,3.1655,-52.3158,80.85,81,84,4.0,broken clouds
23,Rawson,AR,-43.3002,-65.1023,75.85,33,67,15.77,broken clouds
24,Albany,US,42.6001,-73.9662,55.4,58,75,8.05,broken clouds
25,Hervey Bay,AU,-25.2986,152.8535,63.0,85,0,4.0,clear sky
26,Ushuaia,AR,-54.8,-68.3,57.2,51,20,20.71,few clouds
27,Georgetown,MY,5.4112,100.3354,84.2,79,40,2.3,scattered clouds
28,Tasiilaq,GL,65.6145,-37.6368,24.8,68,20,9.22,few clouds
29,Atuona,PF,-9.8,-139.0333,80.87,71,92,16.11,overcast clouds
30,Russellville,US,35.2784,-93.1338,59.0,71,75,4.61,broken clouds
31,Tete,MZ,-16.1564,33.5867,75.2,60,75,5.75,broken clouds
32,Longyearbyen,SJ,78.2186,15.6401,30.2,80,75,14.97,broken clouds
33,Hilo,US,19.7297,-155.09,66.2,72,1,4.61,clear sky
34,Winneba,GH,5.3511,-0.6231,84.2,79,20,14.97,few clouds
35,Cabo San Lucas,MX,22.8909,-109.9124,79.0,46,1,3.44,clear sky
36,Kirya,TZ,-3.9167,37.4833,71.26,83,97,14.58,overcast clouds
37,Ambilobe,MG,-13.2,49.05,75.65,82,95,4.79,overcast clouds
38,Sebinkarahisar,TR,40.2883,38.4236,55.0,69,100,2.26,light rain
39,Buribay,RU,51.9617,58.1592,51.76,62,35,15.05,scattered clouds
40,Yellowknife,CA,62.456,-114.3525,32.0,74,40,9.22,scattered clouds
41,Itaituba,BR,-4.2761,-55.9836,78.8,94,90,5.75,overcast clouds
42,Port Hardy,CA,50.6996,-127.4199,51.8,71,20,3.44,few clouds
43,Mendi,PG,-6.1761,143.6513,54.34,97,100,2.95,overcast clouds
44,Bud,US,39.447,-86.1758,60.01,31,1,5.75,clear sky
45,Bulawayo,ZW,-20.15,28.5833,57.11,47,0,7.7,clear sky
46,Beringovskiy,RU,63.05,179.3167,25.63,99,100,4.09,overcast clouds
47,Mandera,KE,3.9366,41.867,88.38,48,98,7.96,overcast clouds
48,Nome,US,64.5011,-165.4064,30.99,69,1,5.75,clear sky
49,Egvekinot,RU,66.3167,-179.1667,23.72,97,100,9.95,snow
50,Muscat,OM,23.6139,58.5922,82.4,74,0,4.61,clear sky
51,Bambous Virieux,MU,-20.3428,57.7575,77.0,94,75,16.11,moderate rain
52,Moindou,NC,-21.6924,165.677,68.0,94,0,3.44,clear sky
53,Hovd,MN,48.0056,91.6419,45.12,29,2,9.71,clear sky
54,Marsa Matruh,EG,31.3525,27.2453,77.0,44,75,8.05,haze
55,Tuktoyaktuk,CA,69.4541,-133.0374,17.6,86,20,5.75,few clouds
56,Jamestown,US,42.097,-79.2353,53.01,50,75,5.75,broken clouds
57,Port Blair,IN,11.6667,92.75,82.08,75,42,6.93,scattered clouds
58,Angoche,MZ,-16.2325,39.9086,74.35,72,24,11.36,few clouds
59,Rio Grande,BR,-32.035,-52.0986,78.8,57,20,11.5,few clouds
60,Port Alfred,ZA,-33.5906,26.891,72.95,62,0,5.68,clear sky
61,Chifeng,CN,42.2683,118.9636,55.36,19,49,11.39,scattered clouds
62,Dikson,RU,73.5069,80.5464,-5.39,100,98,3.87,overcast clouds
63,Port Elizabeth,ZA,-33.918,25.5701,73.4,38,0,2.3,clear sky
64,Nantucket,US,41.2835,-70.0995,50.0,66,40,14.97,scattered clouds
65,Saint Anthony,US,45.0205,-93.218,59.0,38,1,5.75,clear sky
66,Tucupita,VE,9.0622,-62.051,89.49,43,94,6.35,overcast clouds
67,Salamiyah,SY,35.0113,37.0532,79.5,27,38,6.06,scattered clouds
68,Mataura,NZ,-46.1927,168.8643,55.0,83,86,10.0,overcast clouds
69,Kirakira,SB,-10.4544,161.9205,79.65,84,65,5.19,broken clouds
70,Portales,US,34.1862,-103.3344,53.01,37,1,4.61,clear sky
71,East London,ZA,-33.0153,27.9116,73.4,56,0,6.91,clear sky
72,Pevek,RU,69.7008,170.3133,19.18,80,83,21.5,broken clouds
73,Buraydah,SA,26.326,43.975,87.8,20,0,3.44,clear sky
74,Panaba,MX,21.2833,-88.2667,95.32,39,29,12.93,scattered clouds
75,Constitucion,CL,-35.3333,-72.4167,65.01,58,47,4.92,scattered clouds
76,Parfino,RU,57.9731,31.6481,50.68,52,21,9.04,few clouds
77,Malynivka,UA,49.8167,36.7333,46.4,87,40,6.71,light rain
78,Saint-Augustin,CA,51.226,-58.6502,41.0,73,100,22.01,overcast clouds
79,Qaanaaq,GL,77.484,-69.3632,5.4,71,100,8.28,overcast clouds
80,Hobart,AU,-42.8794,147.3294,55.4,58,40,13.8,scattered clouds
81,Kavaratti,IN,10.5669,72.642,84.72,68,59,7.05,broken clouds
82,Bredasdorp,ZA,-34.5322,20.0403,77.0,20,9,5.75,clear sky
83,Khatanga,RU,71.9667,102.5,-0.94,95,100,7.94,overcast clouds
84,Luau,AO,-10.7073,22.2247,68.04,82,61,2.66,broken clouds
85,Bethel,US,41.3712,-73.414,60.01,41,1,8.05,clear sky
86,Mahajanga,MG,-15.7167,46.3167,84.2,61,40,3.44,scattered clouds
87,Porbandar,IN,21.6422,69.6093,82.35,68,2,14.29,clear sky
88,Cherskiy,RU,68.75,161.3,24.1,88,100,9.08,overcast clouds
89,Port Macquarie,AU,-31.4333,152.9167,54.0,98,33,1.99,scattered clouds
90,Hermanus,ZA,-34.4187,19.2345,69.01,59,14,1.01,few clouds
91,Okahandja,NA,-21.9833,16.9167,69.8,46,98,9.22,overcast clouds
92,Ranong,TH,9.9658,98.6348,79.7,84,97,5.75,overcast clouds
93,Lebu,CL,-37.6167,-73.65,62.73,66,81,11.99,broken clouds
94,Evensk,RU,61.95,159.2333,28.6,97,100,1.99,light snow
95,Puerto Ayora,EC,-0.7393,-90.3518,79.0,89,75,9.22,light rain
96,Veraval,IN,20.9,70.3667,81.48,74,1,12.97,clear sky
97,Wote,KE,-1.7808,37.6288,67.08,89,94,4.16,light rain
98,Bengkulu,ID,-3.8004,102.2655,75.0,90,80,4.56,broken clouds
99,Soavinandriana,MG,-19.1667,46.7333,55.81,91,52,6.06,broken clouds
100,Kerema,PG,-7.9631,145.7785,74.44,92,100,2.89,moderate rain
101,North Platte,US,41.1239,-100.7654,55.0,57,1,8.05,clear sky
102,Ponta Do Sol,PT,32.6667,-17.1,64.99,64,33,5.01,scattered clouds
103,Mayo,US,38.8876,-76.5119,63.0,58,1,6.91,clear sky
104,Pinczow,PL,50.5205,20.5265,51.01,64,100,3.0,overcast clouds
105,Livingstone,ZM,-17.8419,25.8543,66.22,57,24,5.46,few clouds
106,Perigueux,FR,45.1833,0.7167,61.0,42,92,6.91,overcast clouds
107,Ancud,CL,-41.8697,-73.8203,55.4,94,90,6.91,moderate rain
108,Flinders,AU,-34.5833,150.8552,54.0,84,8,1.01,clear sky
109,Kahului,US,20.8947,-156.47,69.8,100,75,4.61,broken clouds
110,Hirara,JP,24.8,125.2833,67.26,64,12,21.0,few clouds
111,Oytal,KZ,42.9057,73.2697,54.63,66,100,8.55,light rain
112,Katsuura,JP,35.1333,140.3,54.0,40,16,6.91,few clouds
113,Srednekolymsk,RU,67.45,153.6833,16.21,83,91,15.17,overcast clouds
114,Mimongo,GA,-1.6195,11.6068,73.92,94,99,3.62,light rain
115,Dores Do Indaia,BR,-19.4633,-45.6017,83.23,38,40,3.13,scattered clouds
116,Syracuse,IT,37.0881,15.2792,60.8,77,40,11.5,scattered clouds
117,Coracora,PE,-15.0333,-73.7833,63.21,38,4,8.97,clear sky
118,Butaritari,KI,3.0707,172.7902,82.51,77,81,12.48,broken clouds
119,Canon City,US,38.441,-105.2424,48.0,49,1,11.5,clear sky
120,Esperance,AU,-33.8667,121.9,55.4,88,0,6.91,clear sky
121,Hithadhoo,MV,-0.6,73.0833,83.55,61,8,7.25,clear sky
122,Soweto,ZA,-26.2678,27.8585,63.0,58,1,6.04,clear sky
123,Lavrentiya,RU,65.5833,-171.0,18.34,97,96,2.82,overcast clouds
124,Sambava,MG,-14.2667,50.1667,77.11,86,100,14.07,light rain
125,Seoul,KR,37.5683,126.9778,44.6,75,0,2.3,clear sky
126,Castro,BR,-24.7911,-50.0119,68.94,64,96,4.05,overcast clouds
127,Arraial Do Cabo,BR,-22.9661,-42.0278,80.6,78,0,8.05,clear sky
128,Fare,PF,-16.7,-151.0167,81.75,70,3,11.72,clear sky
129,Tuatapere,NZ,-46.1333,167.6833,55.0,83,93,10.0,overcast clouds
130,Kulachi,PK,31.9286,70.4592,81.46,38,3,6.93,clear sky
131,Praia Da Vitoria,PT,38.7333,-27.0667,68.0,68,40,10.8,scattered clouds
132,Linda,US,39.1277,-121.5508,72.0,34,1,8.05,clear sky
133,Marawi,PH,7.9986,124.2928,73.99,87,99,5.99,light rain
134,Yichang,CN,30.7144,111.2847,55.47,90,71,1.61,broken clouds
135,Goksun,TR,38.021,36.4973,78.8,38,40,3.44,scattered clouds
136,Athabasca,CA,54.7169,-113.2854,37.4,64,93,9.22,overcast clouds
137,Meulaboh,ID,4.1363,96.1285,78.37,82,93,1.7,overcast clouds
138,Busselton,AU,-33.65,115.3333,53.01,84,28,8.1,scattered clouds
139,Eyl,SO,7.9803,49.8164,82.26,77,9,13.15,clear sky
140,Price,US,39.5994,-110.8107,48.2,25,1,4.61,clear sky
141,Zhigansk,RU,66.7697,123.3711,1.13,99,99,2.64,overcast clouds
142,Sergeyevka,KZ,53.88,67.4158,29.86,58,22,16.06,few clouds
143,Sao Jose Da Coroa Grande,BR,-8.8978,-35.1478,80.58,77,97,7.27,overcast clouds
144,Karlshamn,SE,56.1706,14.8619,59.0,41,0,13.8,clear sky
145,Cayenne,GF,4.9333,-52.3333,82.4,78,75,12.66,broken clouds
146,Chandbali,IN,20.7833,86.7667,80.08,80,7,12.21,heavy intensity rain
147,Mersing,MY,2.4312,103.8405,77.0,94,75,5.75,broken clouds
148,Shulan,CN,44.4167,126.95,45.07,43,0,7.0,clear sky
149,Staines,GB,51.4309,-0.5061,59.0,28,100,3.44,overcast clouds
150,Wajir,KE,1.7471,40.0573,86.0,66,75,3.44,broken clouds
151,Morant Bay,JM,17.8815,-76.4093,91.99,70,20,24.16,few clouds
152,General Roca,AR,-39.0333,-67.5833,73.4,64,20,3.44,few clouds
153,Dzerzhinskoye,RU,56.8344,95.2283,29.46,87,94,7.65,overcast clouds
154,Severo-Kurilsk,RU,50.6789,156.125,34.2,87,100,24.07,overcast clouds
155,Stolin,BY,51.8912,26.846,49.91,79,88,9.1,overcast clouds
156,Pisco,PE,-13.7,-76.2167,69.8,78,0,8.05,clear sky
157,Markova,UA,48.6758,24.4138,51.8,54,0,2.24,clear sky
158,Biarritz,FR,43.4801,-1.5556,57.2,54,0,10.36,clear sky
159,Taoudenni,ML,22.6783,-3.9836,95.32,8,0,12.82,clear sky
160,Kodiak,US,57.79,-152.4072,42.8,81,90,11.5,moderate rain
161,Svetlogorsk,BY,52.6333,29.7333,46.22,73,90,5.46,overcast clouds
162,Pangkalanbuun,ID,-2.6833,111.6167,73.83,89,100,1.52,overcast clouds
163,Saskylakh,RU,71.9167,114.0833,3.42,93,99,9.24,overcast clouds
164,Cape Town,ZA,-33.9258,18.4232,78.8,27,0,10.36,clear sky
165,Komsomolskiy,UZ,40.4272,71.7189,60.8,51,77,2.3,broken clouds
166,Gimli,CA,50.6336,-96.9907,26.6,74,100,24.16,overcast clouds
167,Felipe Carrillo Puerto,MX,19.5833,-88.05,88.56,56,100,5.91,overcast clouds
168,Aklavik,CA,68.2191,-135.0107,30.2,74,1,6.91,clear sky
169,Kudahuvadhoo,MV,2.6708,72.8944,83.75,62,27,8.19,scattered clouds
170,Omboue,GA,-1.5746,9.2618,79.48,80,100,6.44,overcast clouds
171,Tres Lagoas,BR,-20.7511,-51.6783,90.19,33,0,8.72,clear sky
172,Tieling,CN,42.2931,123.8414,54.61,25,2,18.45,clear sky
173,Sao Filipe,CV,14.8961,-24.4956,74.3,70,0,13.96,clear sky
174,Mangai,CD,-4.05,19.5333,78.03,76,99,1.9,overcast clouds
175,Cabedelo,BR,-6.9811,-34.8339,78.8,89,75,3.44,broken clouds
176,Matata,NZ,-37.8833,176.75,51.01,98,42,5.84,scattered clouds
177,Lagoa,PT,39.05,-27.9833,60.94,86,88,13.02,overcast clouds
178,Grindavik,IS,63.8424,-22.4338,37.4,87,75,28.77,broken clouds
179,Husavik,IS,66.0449,-17.3389,44.6,49,40,23.02,scattered clouds
180,Saint-Louis,SN,16.3333,-15.0,103.82,8,14,9.95,few clouds
181,Kaeo,NZ,-35.1,173.7833,55.99,92,42,2.62,scattered clouds
182,Hualmay,PE,-11.0964,-77.6139,73.22,73,57,9.69,broken clouds
183,Sola,VU,-13.8833,167.55,82.51,73,66,6.13,broken clouds
184,Bosaso,SO,11.2842,49.1816,82.62,80,34,5.55,scattered clouds
185,Torbay,CA,47.6666,-52.7314,39.0,100,90,23.02,light rain
186,Poya,NC,-21.35,165.15,72.5,87,45,4.94,scattered clouds
187,Fortuna,US,40.5982,-124.1573,50.0,100,1,5.32,clear sky
188,Bukama,CD,-9.2,25.85,71.65,81,56,3.71,broken clouds
189,Broome,US,42.2506,-75.833,53.6,50,40,9.22,scattered clouds
190,Lima,PE,-12.0432,-77.0282,73.0,83,40,4.61,scattered clouds
191,Petropavlovsk-Kamchatskiy,RU,53.0452,158.6483,33.8,93,75,4.47,broken clouds
192,Matara,LK,5.9485,80.5353,79.41,82,93,5.5,overcast clouds
193,Makakilo City,US,21.3469,-158.0858,69.8,73,1,5.75,clear sky
194,Waddan,LY,29.1614,16.139,81.09,33,94,16.58,overcast clouds
195,Saint-Philippe,RE,-21.3585,55.7679,77.0,69,90,12.66,overcast clouds
196,Chokurdakh,RU,70.6333,147.9167,10.94,92,100,18.25,overcast clouds
197,Chaplynka,UA,46.3651,33.5403,52.0,100,49,4.0,scattered clouds
198,Kouango,CF,4.9934,19.9619,83.53,51,67,2.3,broken clouds
199,Severo-Yeniseyskiy,RU,60.3725,93.0408,12.56,97,100,1.41,overcast clouds
200,Sept-Iles,CA,50.2001,-66.3821,39.99,70,75,10.36,broken clouds
201,Diamantina,BR,-18.2494,-43.6003,72.93,54,38,4.27,scattered clouds
202,Saint George,US,37.1041,-113.5841,63.0,22,1,3.44,clear sky
203,Yaan,NG,7.3833,8.5667,89.4,50,98,7.9,overcast clouds
204,Tilichiki,RU,60.4667,166.1,17.51,91,100,0.87,overcast clouds
205,Fort Nelson,CA,58.8053,-122.7002,32.0,100,40,3.44,fog
206,Chicama,PE,-7.8447,-79.1469,66.2,88,75,13.8,mist
207,Hirado,JP,33.3597,129.5531,51.01,27,20,1.01,few clouds
208,Bijapur,IN,16.8333,75.7,92.43,27,82,10.67,broken clouds
209,Kruisfontein,ZA,-34.0033,24.7314,73.0,38,0,3.22,clear sky
210,Ballina,AU,-28.8667,153.5667,59.0,82,40,6.91,scattered clouds
211,Acapulco,MX,16.8634,-99.8901,82.4,65,20,3.44,few clouds
212,Port Hedland,AU,-20.3167,118.5667,73.4,68,3,5.75,clear sky
213,Teeli,RU,51.0333,90.2333,42.71,35,16,6.02,few clouds
214,Viedma,AR,-40.8135,-62.9967,72.66,67,99,16.31,overcast clouds
215,Narsaq,GL,60.9167,-46.05,30.2,31,36,5.75,scattered clouds
216,Itarema,BR,-2.9248,-39.9167,83.5,70,97,10.74,overcast clouds
217,Taltal,CL,-25.4,-70.4833,68.61,70,7,6.93,clear sky
218,Monticello,US,45.3055,-93.7941,59.0,41,1,14.03,clear sky
219,Garowe,SO,8.4054,48.4845,80.56,57,7,21.5,clear sky
220,Lazaro Cardenas,MX,17.9583,-102.2,81.59,45,0,7.43,clear sky
221,Chuy,UY,-33.6971,-53.4616,73.45,60,12,10.09,few clouds
222,Turukhansk,RU,65.8167,87.9833,15.35,82,100,15.41,overcast clouds
223,Ust-Kuyga,RU,70.0167,135.6,5.47,94,100,4.36,overcast clouds
224,Tocopilla,CL,-22.092,-70.1979,71.78,67,11,5.5,few clouds
225,Houma,US,29.5958,-90.7195,68.0,72,1,18.41,clear sky
226,Colares,PT,38.7992,-9.4469,68.0,56,0,9.22,clear sky
227,Mar Del Plata,AR,-38.0023,-57.5575,73.4,73,75,13.8,broken clouds
228,Mastic Beach,US,40.7668,-72.8521,57.99,38,20,4.61,few clouds
229,Karratha,AU,-20.7377,116.8463,80.67,57,0,5.12,clear sky
230,Jonkoping,SE,57.7814,14.1562,55.4,44,16,9.22,few clouds
231,Nelson Bay,AU,-32.7167,152.15,54.0,100,6,5.75,clear sky
232,Harper,LR,4.375,-7.7169,84.29,70,83,9.6,broken clouds
233,Haines Junction,CA,60.7522,-137.5108,30.2,69,100,2.3,overcast clouds
234,Bathsheba,BB,13.2167,-59.5167,86.0,54,40,24.16,scattered clouds
235,Leningradskiy,RU,69.3833,178.4167,15.39,82,6,8.57,clear sky
236,Cheyenne,US,41.14,-104.8203,48.99,39,1,26.46,clear sky
237,Quatre Cocos,MU,-20.2078,57.7625,77.0,94,75,16.11,moderate rain
238,Bilma,NE,18.6853,12.9164,99.18,4,54,8.32,broken clouds
239,Yangjiang,CN,21.85,111.9667,71.55,83,100,9.31,overcast clouds
240,Cine,TR,37.6117,28.0614,68.0,60,75,5.75,broken clouds
241,Shimoda,JP,34.6667,138.95,48.99,69,0,1.99,clear sky
242,Boende,CD,-0.2167,20.8667,81.36,68,98,1.41,overcast clouds
243,Merauke,ID,-8.4667,140.3333,76.5,91,96,7.25,moderate rain
244,Cheremnoye,RU,53.1697,83.2133,46.4,61,75,17.9,light rain
245,Richards Bay,ZA,-28.783,32.0377,70.32,69,0,13.51,clear sky
246,The Valley,AI,18.217,-63.0578,86.0,70,40,14.97,scattered clouds
247,Berlevag,NO,70.8578,29.0864,39.2,70,20,12.66,few clouds
248,Cuamba,MZ,-14.8031,36.5372,63.55,86,73,4.81,broken clouds
249,Benalla,AU,-36.55,145.9833,43.0,93,79,2.98,broken clouds
250,Cocorit,MX,27.5833,-109.9667,71.6,40,1,6.91,clear sky
251,Noshiro,JP,40.2039,140.0242,45.97,92,100,24.45,moderate rain
252,Provideniya,RU,64.3833,-173.3,27.05,92,99,3.04,overcast clouds
253,Hofn,IS,64.2539,-15.2082,42.8,61,40,25.32,scattered clouds
254,Waitati,NZ,-45.75,170.5667,50.02,79,100,4.05,light rain
255,Vila Franca Do Campo,PT,37.7167,-25.4333,64.4,82,40,11.5,scattered clouds
256,Mukhen,RU,48.1,136.1,38.68,91,78,4.65,broken clouds
257,Sabang,ID,5.8933,95.3214,84.09,72,50,15.23,scattered clouds
258,Mahebourg,MU,-20.4081,57.7,77.0,94,75,16.11,moderate rain
259,Matongo,TZ,-2.3833,34.0833,66.56,80,81,4.74,broken clouds
260,Nabire,ID,-3.3667,135.4833,74.71,91,100,3.58,overcast clouds
261,Gueret,FR,46.1667,1.8667,57.0,41,0,8.05,clear sky
262,Zhezkazgan,KZ,47.8043,67.7144,56.73,58,92,4.23,overcast clouds
263,Puerto Princesa,PH,9.7392,118.7353,78.64,86,99,6.38,overcast clouds
264,Omsukchan,RU,62.5333,155.8,7.03,95,19,2.3,few clouds
265,Victoria,HK,22.2855,114.1577,73.0,79,100,5.01,overcast clouds
266,Xiangxiang,CN,27.7333,112.5333,54.79,95,100,1.45,light rain
267,Stabat,ID,3.761,98.4513,78.8,100,40,3.44,haze
268,Sattur,IN,9.3667,77.9333,82.4,74,40,3.44,scattered clouds
269,Turangi,NZ,-39.0,175.9333,50.0,99,22,2.93,few clouds
270,Nagaur,IN,27.2,73.7333,88.39,12,58,9.86,broken clouds
271,San Pedro,PH,14.35,121.0167,84.2,74,75,4.61,broken clouds
272,Carnarvon,AU,-24.8667,113.6333,76.01,69,0,18.07,clear sky
273,Anaco,VE,9.4389,-64.4728,93.31,27,100,12.77,overcast clouds
274,Dingle,PH,10.9995,122.6711,77.41,73,100,3.69,light rain
275,Gondanglegi,ID,-7.7479,112.0132,74.1,90,73,4.92,broken clouds
276,Waipawa,NZ,-41.4122,175.5153,60.8,63,3,16.11,clear sky
277,Chapais,CA,49.7834,-74.8492,48.2,57,75,4.61,broken clouds
278,Todos Santos,MX,23.45,-110.2167,82.0,42,40,1.99,scattered clouds
279,Marienburg,PL,54.0359,19.0266,55.0,100,96,3.87,overcast clouds
280,Mrakovo,RU,52.7161,56.6244,49.51,62,11,10.6,few clouds
281,Jutai,BR,-5.1833,-68.9,79.18,92,99,0.83,overcast clouds
282,Killybegs,IE,54.6333,-8.45,53.6,100,90,4.61,overcast clouds
283,Iqaluit,CA,63.7506,-68.5145,19.4,63,40,3.44,scattered clouds
284,Caibarien,CU,22.5206,-79.4669,89.6,48,40,10.36,scattered clouds
285,Portland,US,45.5234,-122.6762,66.0,37,29,1.01,scattered clouds
286,Toropets,RU,56.4978,31.6353,48.38,59,8,5.73,clear sky
287,Ribeira Grande,PT,38.5167,-28.7,66.2,82,20,12.66,few clouds
288,Indapur,IN,18.3,73.25,83.66,62,0,2.8,clear sky
289,Kanth,IN,29.0667,78.6333,81.45,21,15,6.96,few clouds
290,Awjilah,LY,29.1081,21.2869,95.83,9,100,9.71,overcast clouds
291,Ardahan,TR,41.1087,42.7022,46.45,83,100,5.03,overcast clouds
292,Sao Jose Do Belmonte,BR,-7.8614,-38.7597,85.68,53,77,2.1,broken clouds
293,Amahai,ID,-3.3333,128.9167,81.0,93,99,0.87,overcast clouds
294,Alyangula,AU,-13.8483,136.4192,75.2,94,90,8.43,overcast clouds
295,San Policarpo,PH,12.1791,125.5072,76.69,91,100,29.68,heavy intensity rain
296,Yilan,TW,24.757,121.753,64.0,99,79,3.09,broken clouds
297,Tiksi,RU,71.6872,128.8694,6.69,88,100,12.75,overcast clouds
298,Borba,BR,-4.3878,-59.5939,84.02,72,85,2.98,overcast clouds
299,Teguldet,RU,57.3064,88.1667,32.43,94,100,9.19,overcast clouds
300,Perry,US,37.2506,-83.1999,59.0,38,40,8.05,scattered clouds
301,Ternate,ID,0.8,127.4,81.41,76,99,8.25,heavy intensity rain
302,Majene,ID,-3.5403,118.9707,77.04,86,100,3.31,overcast clouds
303,Changji,CN,44.0167,87.3167,60.8,36,0,4.47,clear sky
304,Caravelas,BR,-17.7125,-39.2481,83.48,60,47,9.89,scattered clouds
305,Codrington,AU,-38.2667,141.9667,51.57,94,61,8.5,broken clouds
306,Polewali,ID,-3.4324,119.3435,76.17,88,97,3.8,overcast clouds
307,George,ZA,-33.963,22.4617,82.4,32,0,6.91,clear sky
308,Turayf,SA,31.6725,38.6637,87.8,20,0,4.61,clear sky
309,Tura,IN,25.5198,90.2201,70.12,64,59,5.68,broken clouds
310,Olinda,BR,-8.0089,-34.8553,75.2,83,75,11.5,light rain
311,Purpe,RU,64.4803,76.6897,-4.0,77,84,15.03,broken clouds
312,Constantine,DZ,36.365,6.6147,50.0,57,40,14.97,scattered clouds
313,Gat,IL,31.61,34.7642,84.0,46,2,9.33,clear sky
314,Tiarei,PF,-17.5333,-149.3333,75.2,83,20,7.43,few clouds
315,Jibuti,DJ,11.5,42.5,84.2,70,1,4.61,clear sky
316,Yulara,AU,-25.2406,130.9889,57.2,47,0,5.75,clear sky
317,Rottingdean,GB,50.8098,-0.0594,54.0,71,0,11.5,clear sky
318,Pringsewu,ID,-5.3582,104.9744,73.18,96,100,3.69,overcast clouds
319,Bodden Town,KY,19.2833,-81.25,86.0,79,20,14.97,few clouds
320,Drama,GR,41.1544,24.1394,62.01,76,20,5.75,few clouds
321,Mildura,AU,-34.2,142.15,50.0,71,40,7.67,scattered clouds
322,Upernavik,GL,72.7868,-56.1549,11.59,73,100,2.28,overcast clouds
323,Cairns,AU,-16.9167,145.7667,75.2,94,90,10.36,light rain
324,Voh,NC,-20.9667,164.7,71.28,89,34,4.59,scattered clouds
325,Ostrovnoy,RU,68.0531,39.5131,34.81,83,78,16.15,broken clouds
326,Verkhoturye,RU,58.8627,60.8054,26.73,53,42,4.18,scattered clouds
327,Moranbah,AU,-22.0016,148.0466,65.03,88,0,9.19,clear sky
328,Adamas,GR,36.7333,24.4333,64.4,77,100,10.36,overcast clouds
329,Yerbogachen,RU,61.2767,108.0108,10.4,92,92,3.6,overcast clouds
330,Deputatskiy,RU,69.3,139.9,-2.07,95,100,7.07,overcast clouds
331,Sault Sainte Marie,CA,46.5168,-84.3333,51.8,30,1,8.05,clear sky
332,Rongcheng,CN,30.634,117.8517,54.91,73,100,1.99,overcast clouds
333,Tommot,RU,58.9564,126.2925,19.08,94,100,7.94,snow
334,Peniche,PT,39.3558,-9.3811,66.0,75,97,8.01,overcast clouds
335,Marataizes,BR,-21.0433,-40.8244,81.68,63,12,9.73,few clouds
336,Port Lincoln,AU,-34.7333,135.8667,58.42,79,25,7.49,scattered clouds
337,Cidreira,BR,-30.1811,-50.2056,73.89,74,14,11.43,few clouds
338,Russkaya Polyana,UA,49.417,31.9201,47.16,82,100,3.83,overcast clouds
339,Penzance,GB,50.1186,-5.5371,52.0,66,75,11.5,broken clouds
340,Valparaiso,CL,-33.0393,-71.6273,59.0,100,90,4.61,overcast clouds
341,Muli,MV,2.9167,73.5667,84.11,61,74,9.04,broken clouds
342,Bilibino,RU,68.0546,166.4372,15.4,88,73,2.84,broken clouds
343,Sinnamary,GF,5.3833,-52.95,82.51,66,91,10.98,overcast clouds
344,Gizo,SB,-8.103,156.8419,82.9,70,84,0.54,light rain
345,Inirida,CO,3.8653,-67.9239,83.16,79,100,1.72,overcast clouds
346,Bestobe,KZ,52.4994,73.0975,34.43,62,82,22.95,broken clouds
347,Salalah,OM,17.0151,54.0924,81.27,67,98,2.06,overcast clouds
348,Gladenbach,DE,50.7667,8.5667,54.0,73,88,1.99,overcast clouds
349,Olenino,RU,56.2092,33.4889,49.28,55,41,9.53,scattered clouds
350,Verkhniy Baskunchak,RU,48.2256,46.7217,57.31,52,98,6.26,overcast clouds
351,Saint-Joseph,RE,-21.3667,55.6167,77.0,69,90,12.66,overcast clouds
352,Blagoyevo,RU,63.3667,47.9167,29.05,65,85,3.76,overcast clouds
353,Kaoma,ZM,-14.7833,24.8,64.71,64,86,5.86,overcast clouds
354,Kalabo,ZM,-14.97,22.6814,70.36,47,19,6.22,few clouds
355,Kloulklubed,PW,7.0419,134.2556,78.8,89,75,6.91,broken clouds
356,Clyde River,CA,70.4692,-68.5914,6.8,85,90,11.5,mist
357,Luebo,CD,-5.35,21.4167,77.18,75,100,2.48,overcast clouds
358,Santa Lucia,ES,27.9117,-15.5407,71.01,60,20,29.93,few clouds
359,Mnogovershinnyy,RU,53.9353,139.9242,28.15,93,95,4.32,overcast clouds
360,Saldanha,ZA,-33.0117,17.9442,77.0,38,5,4.61,clear sky
361,Maiduguri,NG,11.8464,13.1603,99.07,6,100,5.57,overcast clouds
362,Parrsboro,CA,45.4001,-64.332,39.2,87,100,9.22,overcast clouds
363,Bundaberg,AU,-24.85,152.35,64.0,88,4,6.91,clear sky
364,Kavieng,PG,-2.5744,150.7967,81.88,77,91,10.11,overcast clouds
365,Cabinda,AO,-5.55,12.2,81.19,82,100,4.88,light rain
366,Shingu,JP,33.7333,135.9833,44.96,78,3,5.88,clear sky
367,Durango,MX,24.8333,-104.8333,66.31,17,5,2.48,clear sky
368,Abu Dhabi,AE,24.4667,54.3667,84.2,32,0,3.44,clear sky
369,Ugento,IT,39.9263,18.1574,60.01,77,0,6.91,clear sky
370,Nuuk,GL,64.1835,-51.7216,21.2,63,75,10.36,broken clouds
371,Paracuru,BR,-3.41,-39.0306,82.0,75,91,21.99,overcast clouds
372,Rexburg,US,43.826,-111.7897,51.01,34,1,8.05,clear sky
373,Beterou,BJ,9.1992,2.2586,93.07,37,100,8.16,light rain
374,Kapoeta,SS,4.7717,33.5903,88.81,33,92,12.77,overcast clouds
375,Ilorin,NG,8.5,4.55,85.01,57,98,13.11,light rain
376,Vidor,US,30.1316,-94.0155,62.6,59,1,8.05,clear sky
377,Kattivakkam,IN,13.2167,80.3167,84.2,84,20,9.22,few clouds
378,Oranjemund,NA,-28.55,16.4333,71.37,53,26,3.02,scattered clouds
379,Goderich,CA,43.7501,-81.7165,42.8,65,99,11.5,overcast clouds
380,Carutapera,BR,-1.195,-46.02,76.77,92,100,4.47,moderate rain
381,Lorengau,PG,-2.0226,147.2712,79.93,82,94,6.98,overcast clouds
382,Huarmey,PE,-10.0681,-78.1522,73.6,74,47,9.46,scattered clouds
383,Maniitsoq,GL,65.4167,-52.9,19.02,57,89,13.62,overcast clouds
384,Lerida,ES,41.6167,0.6167,66.0,27,20,9.22,few clouds
385,Acari,PE,-15.4311,-74.6158,81.75,54,18,9.8,few clouds
386,Bonthe,SL,7.5264,-12.505,84.9,67,72,10.85,broken clouds
387,Khani,GE,41.9563,42.9566,68.0,52,90,8.05,overcast clouds
388,Tarakan,ID,3.3,117.6333,77.0,94,90,3.44,light rain
389,Bousso,TD,10.4795,16.7117,99.39,11,91,4.74,overcast clouds
390,Yumen,CN,40.2833,97.2,55.18,20,95,10.33,overcast clouds
391,Kununurra,AU,-15.7667,128.7333,64.4,77,99,3.44,overcast clouds
392,San Patricio,US,28.017,-97.5169,59.0,67,90,16.11,overcast clouds
393,San Cristobal,VE,7.7669,-72.225,93.2,36,40,20.71,scattered clouds
394,Maceio,BR,-9.6658,-35.7353,78.8,89,75,13.8,broken clouds
395,Burns Lake,CA,54.2331,-125.7533,44.6,45,89,8.05,overcast clouds
396,Terra Santa,BR,-2.1042,-56.4869,72.86,99,100,1.83,overcast clouds
397,Namatanai,PG,-3.6667,152.4333,80.71,81,100,7.78,light rain
398,Nanortalik,GL,60.1432,-45.2371,27.36,48,10,14.61,clear sky
399,Mumford,GH,5.2618,-0.759,83.8,76,100,16.87,overcast clouds
400,Teguise,ES,29.0605,-13.564,73.4,53,20,18.41,few clouds
401,Alice Springs,AU,-23.7,133.8833,46.4,61,0,6.6,clear sky
402,Shache,CN,38.4167,77.2406,63.46,33,100,18.7,overcast clouds
403,Ahipara,NZ,-35.1667,173.1667,54.0,82,44,2.62,scattered clouds
404,Kota Kinabalu,MY,5.9749,116.0724,78.8,89,20,3.44,few clouds
405,Agadez,NE,19.75,10.25,98.35,4,62,9.57,broken clouds
406,Fukue,JP,32.6881,128.8419,56.26,52,95,14.81,overcast clouds
407,Lokosovo,RU,61.1333,74.8167,9.41,84,94,11.59,overcast clouds
408,Crotone,IT,39.0851,17.1178,53.6,87,75,10.36,broken clouds
409,Geraldton,AU,-28.7667,114.6,64.4,55,75,8.05,broken clouds
410,Bubaque,GW,11.2833,-15.8333,77.76,70,94,15.82,overcast clouds
411,Alofi,NU,-19.0595,-169.9187,68.0,100,70,2.3,broken clouds
412,Pacific Grove,US,36.6177,-121.9166,61.0,76,40,8.1,scattered clouds
413,Orcopampa,PE,-15.2661,-72.3417,60.35,15,0,6.78,clear sky
414,Mweka,CD,-4.85,21.5667,75.72,76,100,2.33,overcast clouds
415,Broken Hill,AU,-31.95,141.4333,50.0,62,18,2.3,few clouds
416,Luxor,EG,25.6989,32.6421,104.0,16,0,16.11,clear sky
417,Twin Falls,US,42.3505,-114.6445,57.0,24,1,10.36,clear sky
418,Tanout,NE,14.9709,8.8879,98.98,5,25,6.8,scattered clouds
419,Jashpurnagar,IN,22.9,84.15,77.83,22,27,6.96,scattered clouds
420,Kutum,SD,14.2,24.6667,83.19,6,4,8.12,clear sky
421,Moyo,UG,3.6609,31.7247,69.46,82,100,3.78,overcast clouds
422,Comodoro Rivadavia,AR,-45.8667,-67.5,66.2,42,0,8.05,clear sky
423,Dalvik,IS,65.9702,-18.5286,44.6,49,40,23.02,scattered clouds
424,Pirapora,BR,-17.345,-44.9419,91.92,29,46,1.83,scattered clouds
425,Tomatlan,MX,19.9333,-105.25,87.08,25,0,5.48,clear sky
426,Tianpeng,CN,30.9866,103.9393,62.01,1,100,2.39,overcast clouds
427,Tautira,PF,-17.7333,-149.15,75.2,83,20,7.92,few clouds
428,Beloha,MG,-25.1667,45.05,65.21,63,5,13.4,clear sky
429,Atar,MR,20.5169,-13.0499,96.58,7,0,7.99,clear sky
430,Labuhan,ID,-6.8844,112.2051,78.4,80,99,4.65,overcast clouds
431,San Quintin,MX,30.4833,-115.95,64.49,65,14,6.98,few clouds
432,Ilo,PE,-17.6394,-71.3375,70.25,72,54,6.85,broken clouds
433,Izhma,RU,65.0083,53.9113,22.95,79,59,3.31,broken clouds
434,Saskatoon,CA,52.1168,-106.6345,36.0,37,75,14.97,broken clouds
435,Tongliao,CN,43.6125,122.2653,54.57,19,50,10.69,scattered clouds
436,Lahij,YE,13.1667,44.5833,76.75,49,97,4.81,overcast clouds
437,Berbera,SO,10.4396,45.0143,81.72,79,82,6.96,broken clouds
438,Nizhniy Kuranakh,RU,58.8353,125.4869,17.74,94,100,7.02,snow
439,Mount Isa,AU,-20.7333,139.5,69.8,24,1,14.97,clear sky
440,Svetlaya,RU,46.5389,138.3297,40.62,86,100,6.04,moderate rain
441,Samarai,PG,-10.6167,150.6667,82.44,78,97,9.33,overcast clouds
442,Avera,US,33.194,-82.5271,73.4,35,1,8.05,clear sky
443,Keti Bandar,PK,24.1447,67.4497,81.28,77,66,12.55,broken clouds
444,Sitka,US,57.0531,-135.33,50.0,71,1,7.58,clear sky
445,Liverpool,GB,53.4106,-2.9779,60.8,41,0,2.3,clear sky
446,Nishihara,JP,26.1842,127.7558,64.4,63,20,8.05,few clouds
447,Hambantota,LK,6.1241,81.1185,81.48,77,61,12.08,broken clouds
448,Baykit,RU,61.67,96.37,25.43,96,100,4.79,snow
449,Urucara,BR,-2.5364,-57.76,74.71,97,99,4.16,overcast clouds
450,La Seyne-Sur-Mer,FR,43.0982,5.8847,59.0,57,10,4.0,clear sky
451,Khasan,RU,42.4308,130.6434,45.95,57,2,5.91,clear sky
452,Mossoro,BR,-5.1875,-37.3442,83.25,67,93,13.2,overcast clouds
453,Ozernovskiy,RU,51.5,156.5167,33.78,72,100,13.89,light snow
454,Lata,PT,40.1629,-8.3327,73.99,49,20,9.22,few clouds
455,Ilulissat,GL,69.2167,-51.1,10.4,52,96,6.91,overcast clouds
456,Olafsvik,IS,64.8945,-23.7142,38.26,77,65,31.54,broken clouds
457,Guerrero Negro,MX,27.9769,-114.0611,64.51,63,3,12.06,clear sky
458,Orsk,RU,51.2049,58.5668,57.2,62,0,13.42,clear sky
459,Acarau,BR,-2.8856,-40.12,83.39,71,99,11.16,overcast clouds
460,Lasa,IT,46.6166,10.7002,60.8,45,40,8.05,scattered clouds
461,Hamilton,US,39.1834,-84.5333,62.01,33,1,4.61,clear sky
462,Nevers,FR,46.9167,3.3333,53.6,50,0,8.05,clear sky
463,Zhicheng,CN,30.2956,111.5047,60.01,78,67,1.68,broken clouds
464,Nizip,TR,37.0097,37.7942,77.0,38,75,4.54,broken clouds
465,Mattru,SL,7.6244,-11.8332,89.83,55,83,8.05,broken clouds
466,Havelock,US,34.8791,-76.9013,72.0,40,75,11.5,broken clouds
467,La Ronge,CA,55.1001,-105.2842,26.6,58,16,9.22,few clouds
468,Bekhtery,UA,46.251,32.2927,57.2,51,0,4.47,clear sky
469,Plaridel,PH,14.8872,120.8572,84.2,74,75,4.61,broken clouds
470,Gimbi,ET,9.1667,35.8333,67.03,41,97,5.66,overcast clouds
471,Horta,PT,38.5333,-28.6333,66.2,82,20,12.66,few clouds
472,Camacha,PT,33.0833,-16.3333,68.0,64,20,12.66,few clouds
473,Shemysheyka,RU,52.892,45.3928,46.27,92,100,5.95,overcast clouds
474,Kortkeros,RU,61.8106,51.5806,33.8,47,0,6.71,clear sky
475,Angoram,PG,-4.0625,144.0661,71.71,96,95,2.26,overcast clouds
476,Bosconia,CO,9.9689,-73.8836,88.3,58,100,6.85,overcast clouds
477,Hargeysa,SO,9.56,44.065,71.78,67,91,5.32,moderate rain
478,Ada,US,43.4166,-116.1262,60.01,28,1,4.81,clear sky
479,Sumenep,ID,-7.0167,113.8667,78.04,79,87,3.38,overcast clouds
480,Adrar,MR,20.5022,-10.0711,93.81,6,0,9.53,clear sky
481,Rawah,IQ,34.4816,41.9093,86.99,14,48,8.93,scattered clouds
482,Lodja,CD,-3.4833,23.4333,75.02,89,100,1.36,overcast clouds
483,Walvis Bay,NA,-22.9575,14.5053,95.0,20,75,10.36,broken clouds
484,Asgabat,TM,37.95,58.3833,75.2,27,20,6.91,few clouds
485,Valvedditturai,LK,9.8167,80.1667,83.89,76,73,14.97,broken clouds
486,Maragogi,BR,-9.0122,-35.2225,80.74,74,98,7.27,overcast clouds
487,Margate,GB,51.3813,1.3862,50.0,65,95,1.99,overcast clouds
488,Talnakh,RU,69.4865,88.3972,-17.34,91,40,1.59,scattered clouds
489,Arman,RU,59.7,150.1667,28.06,95,96,4.88,overcast clouds
490,Luderitz,NA,-26.6481,15.1594,77.36,45,24,5.5,few clouds
491,Hasaki,JP,35.7333,140.8333,54.0,37,75,11.5,broken clouds
492,Bahia Blanca,AR,-38.7196,-62.2724,71.37,71,100,11.54,overcast clouds
493,Mamu Kanjan,PK,30.8333,72.8,79.25,32,8,7.56,clear sky
494,Ende,ID,-8.8432,121.6623,77.18,83,100,3.6,overcast clouds
495,Bengbu,CN,32.9408,117.3608,50.99,56,48,5.39,scattered clouds
496,Rundu,NA,-17.9333,19.7667,70.29,42,4,7.34,clear sky
497,Sakaiminato,JP,35.55,133.2333,42.8,87,20,5.75,few clouds
498,Skjervoy,NO,70.0311,20.9714,44.6,49,0,2.3,clear sky
499,Nioro,GM,13.35,-15.75,106.48,9,44,7.58,scattered clouds
500,Souillac,MU,-20.5167,57.5167,77.0,94,75,16.11,moderate rain
501,Autun,FR,46.95,4.3,53.6,54,0,6.91,clear sky
502,Vila Velha,BR,-20.3297,-40.2925,86.0,54,20,11.5,few clouds
503,Bijie,CN,27.3125,105.2942,51.06,96,100,3.29,overcast clouds
504,Avarua,CK,-21.2078,-159.775,77.0,88,51,4.61,light rain
505,Casa Nova,BR,-9.4167,-41.1333,89.6,48,40,8.05,scattered clouds
506,Nacala,MZ,-14.5428,40.6728,72.25,84,13,8.79,few clouds
507,Henties Bay,NA,-22.116,14.2845,84.7,35,97,23.89,overcast clouds
508,Wilmington,US,34.2257,-77.9447,73.0,56,20,6.91,few clouds
509,Bambanglipuro,ID,-7.95,110.2833,75.99,89,38,3.8,scattered clouds
510,Doha,QA,25.2867,51.5333,82.99,69,0,5.75,clear sky
511,Oil City,US,41.4339,-79.7064,57.0,54,20,4.61,few clouds
512,Porosozero,RU,62.7191,32.727,41.68,81,89,3.96,overcast clouds
513,Soyo,AO,-6.1349,12.3689,82.15,80,100,5.44,overcast clouds
514,Novopokrovka,UA,49.8425,36.5477,46.4,87,40,6.71,light rain
515,Yining,CN,29.0361,114.5636,55.08,94,100,2.04,overcast clouds
516,Northam,GB,51.0333,-4.2167,53.01,63,68,1.99,broken clouds
517,Cervo,ES,43.6702,-7.4101,69.01,32,100,5.01,overcast clouds
518,Sistranda,NO,63.7256,8.834,60.8,36,0,6.91,clear sky
519,Pedernales,DO,18.0384,-71.744,88.25,48,41,7.07,scattered clouds
520,Fairbanks,US,64.8378,-147.7164,33.8,64,1,10.36,clear sky
521,New Ross,IE,52.3967,-6.9367,51.01,69,100,1.99,overcast clouds
522,Katangli,RU,51.7102,143.2326,30.52,98,100,17.31,snow
523,Lincoln,US,40.8,-96.667,57.0,30,1,8.05,clear sky
524,Vaitape,PF,-16.5167,-151.75,82.0,72,9,11.48,clear sky
525,Beyneu,KZ,45.3167,55.2,70.61,26,100,11.3,overcast clouds
526,Vyyezdnoye,RU,55.3815,43.7864,48.74,64,100,15.08,light rain
527,Vanimo,PG,-2.6741,141.3028,75.87,86,86,2.19,overcast clouds
528,Worksop,GB,53.3018,-1.124,59.0,31,0,4.61,clear sky
529,Aleksandro-Nevskiy,RU,53.4751,40.2095,48.99,75,100,6.46,overcast clouds
530,Pachino,IT,36.7186,15.0907,59.0,58,35,16.11,scattered clouds
531,Vao,NC,-22.6667,167.4833,75.85,80,79,13.49,light rain
532,Abu Samrah,SY,35.3029,37.1841,80.82,26,63,5.06,broken clouds
533,Heishan,CN,41.6892,122.1128,55.8,31,15,12.03,few clouds
534,Vidim,RU,56.4088,103.1106,23.56,84,99,3.31,overcast clouds
535,Pudozh,RU,61.8099,36.5345,36.36,80,30,4.23,scattered clouds
536,Zacapoaxtla,MX,19.8833,-97.5833,62.31,72,58,4.56,broken clouds
537,Puro,PH,12.4841,123.3827,76.82,81,100,28.92,moderate rain
538,Smirnykh,RU,49.75,142.8333,34.5,96,100,10.16,overcast clouds
539,Fundao,BR,-19.9341,-40.4047,86.0,54,20,11.5,few clouds
540,Oktyabrskiy,RU,54.4815,53.471,43.9,61,15,12.53,few clouds
541,Guarapari,BR,-20.6667,-40.4975,86.0,54,20,11.5,few clouds
542,Aswan,EG,24.0934,32.907,94.3,22,0,17.87,clear sky
543,Aykhal,RU,66.0,111.5,-7.98,99,85,3.33,overcast clouds
544,Tsogni,GA,-2.7942,10.0988,80.01,79,100,6.87,overcast clouds
545,Shelburne,CA,44.0787,-80.2041,55.99,54,74,9.69,broken clouds
546,Ca Mau,VN,9.1769,105.15,78.85,85,100,1.92,overcast clouds
547,Inhambane,MZ,-23.865,35.3833,71.6,68,20,6.91,few clouds
548,Bhairab Bazar,BD,24.0667,90.9667,82.4,69,40,6.91,haze
549,Spearfish,US,44.4908,-103.8594,57.0,30,1,19.57,clear sky
550,Khandbari,NP,27.3747,87.2039,64.02,63,24,5.3,few clouds
551,Yuanping,CN,38.7153,112.7575,56.75,27,40,2.13,scattered clouds
552,San Marco In Lamis,IT,41.7131,15.6399,53.6,71,75,11.5,light rain
553,Kandry,RU,54.5667,54.1167,43.0,64,30,15.17,scattered clouds
554,Norman Wells,CA,65.282,-126.8329,32.0,74,20,2.3,few clouds
555,Ludus,RO,46.4833,24.1,50.0,62,90,5.75,overcast clouds
556,Bereda,ES,43.2686,-7.5406,69.01,32,100,5.01,overcast clouds
557,Moose Factory,CA,51.2585,-80.6094,42.8,52,1,9.22,clear sky
558,Kolyshley,RU,52.7005,44.5367,46.4,89,98,8.41,overcast clouds
559,Cotonou,BJ,6.3654,2.4183,75.2,88,40,5.75,scattered clouds
560,Anajatuba,BR,-3.2644,-44.6197,84.74,70,84,5.93,broken clouds
561,Lompoc,US,34.6391,-120.4579,59.0,71,0,3.44,clear sky
562,Nola,IT,40.922,14.5329,57.0,58,88,4.52,overcast clouds
563,Florianopolis,BR,-27.6146,-48.5012,75.99,83,40,8.05,scattered clouds
564,Charleston,US,32.7766,-79.9309,77.0,50,1,5.75,clear sky
565,Lumberton,US,34.6182,-79.0086,71.6,43,1,5.75,clear sky
566,Sibolga,ID,1.7427,98.7792,76.6,88,67,2.28,heavy intensity rain
567,Iberia,US,29.9502,-91.7507,66.0,68,1,11.5,clear sky
568,Olovyannaya,RU,50.95,115.5667,29.84,46,5,14.79,clear sky
569,Puerto Escondido,MX,15.85,-97.0667,84.2,79,1,5.75,clear sky
570,Arlit,NE,18.7369,7.3853,101.88,3,100,8.19,overcast clouds
571,Muzhi,RU,65.3667,64.6667,2.39,90,9,6.62,clear sky
572,Russell,US,32.3502,-85.1999,71.6,43,1,5.06,clear sky
573,Candido De Abreu,BR,-24.5669,-51.3333,79.68,47,26,3.31,scattered clouds
574,Mlonggo,ID,-6.5333,110.7,77.23,82,53,3.36,broken clouds
575,Vinh,VN,18.6667,105.6667,75.94,91,96,2.42,overcast clouds
576,Gweta,BW,-20.1833,25.2333,71.85,24,0,6.96,clear sky
577,Manbij,SY,36.5281,37.9549,77.0,38,75,5.08,broken clouds
578,Saint-Pierre,RE,-21.3393,55.4781,77.0,69,90,12.66,overcast clouds
579,Marystown,CA,47.1666,-55.1483,39.13,96,100,21.07,overcast clouds
580,Falam,MM,22.9167,93.6833,60.96,64,12,4.16,few clouds
581,Mogadishu,SO,2.0371,45.3438,83.55,71,96,11.95,overcast clouds
582,Naze,JP,28.3667,129.4833,59.43,63,89,12.86,overcast clouds
583,Manitouwadge,CA,49.1215,-85.8403,41.0,60,20,5.75,few clouds
584,Dunedin,NZ,-45.8742,170.5036,50.83,79,100,5.55,overcast clouds
585,Bonavista,CA,48.6499,-53.1147,39.2,100,100,4.61,light rain
586,Birobidzhan,RU,48.8,132.95,42.62,72,18,4.18,few clouds
587,Nautla,MX,20.2167,-96.7833,71.37,74,99,13.85,overcast clouds
588,Rosarito,MX,32.3333,-117.0333,73.99,77,1,4.61,clear sky
589,Tigzirt,DZ,36.8886,4.1198,56.39,51,2,6.8,clear sky
590,Rocha,UY,-34.4833,-54.3333,75.74,56,8,8.3,clear sky
591,Luwingu,ZM,-10.2621,29.9271,62.19,86,100,4.94,overcast clouds
592,Olean,US,42.0776,-78.4297,53.6,50,75,8.05,broken clouds
593,Buchanan,LR,5.8808,-10.0467,89.6,62,40,11.5,scattered clouds
594,Atherton,GB,53.5237,-2.4935,61.0,46,96,4.0,overcast clouds
595,Kourou,GF,5.1552,-52.6478,82.4,78,75,12.66,broken clouds
596,Brae,GB,60.3964,-1.353,48.2,76,0,13.8,clear sky
597,Gushikawa,JP,26.3544,127.8686,62.6,77,90,9.22,overcast clouds
598,Rockland,US,41.1668,-74.0496,61.0,49,59,1.99,broken clouds
599,Vostok,RU,46.4856,135.8833,32.02,93,85,3.67,overcast clouds
600,Urengoy,RU,65.9667,78.3667,-9.27,96,22,12.24,few clouds
601,Iracoubo,GF,5.4802,-53.2011,82.8,66,88,10.96,overcast clouds
602,Lalmohan,BD,22.3384,90.7419,81.32,77,22,14.25,few clouds
603,La Primavera,CO,5.4906,-70.4092,91.42,44,88,10.45,overcast clouds
604,Los Algarrobos,PA,8.5,-82.4333,87.8,58,20,4.61,few clouds
605,Micheweni,TZ,-4.9667,39.8333,75.31,95,100,5.26,heavy intensity rain
606,Yabelo,ET,4.8833,38.0833,62.17,79,94,10.42,light rain
607,Santa Catarina De Tepehuanes,MX,25.35,-105.7333,69.03,16,0,6.33,clear sky
608,Iringa,TZ,-7.7667,35.7,68.0,64,20,5.75,few clouds
609,Grand-Santi,GF,4.25,-54.3833,84.15,63,72,3.04,broken clouds
610,Hobyo,SO,5.3505,48.5268,83.61,68,41,13.6,scattered clouds
611,Ust-Ilimsk,RU,58.0006,102.6619,16.23,91,82,3.98,broken clouds
612,Abha,SA,18.2164,42.5053,69.8,49,40,9.22,scattered clouds
613,Coihaique,CL,-45.5752,-72.0662,50.0,81,90,3.47,light rain
614,Qingquan,CN,30.4511,115.2559,57.49,60,95,3.2,overcast clouds
615,Nha Trang,VN,12.25,109.1833,78.8,83,20,3.44,few clouds
616,Marsh Harbour,BS,26.5412,-77.0636,79.79,72,98,14.65,overcast clouds
617,Barra Do Garcas,BR,-15.89,-52.2567,90.07,47,5,1.21,clear sky
618,Santa Cruz De La Palma,ES,28.6835,-17.7642,71.6,60,20,14.97,few clouds
619,Algiers,DZ,36.7525,3.042,59.0,55,40,13.8,scattered clouds
620,Port Jervis,US,41.3751,-74.6927,57.2,44,75,4.61,broken clouds
621,Mianyang,CN,31.4593,104.7542,58.14,88,99,3.6,overcast clouds
622,Laguna,US,38.421,-121.4238,70.0,25,1,9.22,clear sky
623,Pitimbu,BR,-7.4706,-34.8086,78.8,89,75,3.44,broken clouds
624,Kendari,ID,-3.945,122.4989,73.53,94,100,4.47,overcast clouds
625,Luziania,BR,-16.2525,-47.9503,71.6,78,75,6.91,broken clouds
626,Oranjestad,AW,12.524,-70.027,86.0,66,75,20.71,broken clouds
627,Boa Vista,BR,2.8197,-60.6733,87.8,48,75,16.11,broken clouds
628,Pangnirtung,CA,66.1451,-65.7125,15.8,67,75,6.91,broken clouds
629,Domoni,KM,-12.2569,44.5319,78.69,85,55,5.88,light rain
630,Edson,CA,53.5835,-116.4356,32.0,100,90,3.44,snow
631,Port-Gentil,GA,-0.7193,8.7815,86.0,74,20,9.22,few clouds
632,Kiunga,PG,-6.1219,141.2906,73.2,99,100,1.74,moderate rain
633,Tarko-Sale,RU,64.9225,77.785,-4.0,77,64,13.49,heavy snow
634,Sterling,US,39.0062,-77.4286,63.0,41,40,9.22,scattered clouds
635,Isangel,VU,-19.55,169.2667,77.4,86,31,8.23,light rain
636,Perevoz,RU,55.5961,44.5446,45.37,76,77,18.34,broken clouds
637,Oistins,BB,13.0667,-59.5333,86.0,54,40,24.16,scattered clouds
638,Dharmadam,IN,11.7833,75.4333,77.83,84,100,3.94,overcast clouds
639,Markala,ML,13.7021,-6.0659,104.16,9,77,9.89,broken clouds
640,Altamont,US,42.2068,-121.7372,57.99,57,1,1.95,clear sky
641,Petauke,ZM,-14.2426,31.3253,63.32,74,89,6.93,overcast clouds
642,Imbituba,BR,-28.24,-48.6703,73.4,83,40,8.05,scattered clouds
643,Los Llanos De Aridane,ES,28.6585,-17.9182,71.6,60,20,14.97,few clouds
644,Corn Island,NI,12.1694,-83.0418,81.3,79,98,9.1,overcast clouds
645,Palu,ID,-0.8917,119.8707,75.07,92,99,2.01,light rain
646,Batken,KG,39.8333,71.0,38.52,66,92,7.67,overcast clouds
647,Dobresti,RO,46.85,22.3,46.4,93,75,3.44,light rain
648,Touros,BR,-5.1989,-35.4608,86.0,66,75,16.11,broken clouds
649,Maua,BR,-23.6678,-46.4614,71.01,79,86,6.93,overcast clouds
650,Ukiah,US,39.1502,-123.2078,70.0,50,1,2.44,clear sky
651,Fuling,CN,29.7022,107.3919,59.4,91,100,1.03,overcast clouds
652,Tazovskiy,RU,67.4667,78.7,-12.57,97,12,9.64,few clouds
653,La Macarena,CO,2.1837,-73.7849,87.53,56,97,4.83,light rain
654,Devonport,AU,-41.1667,146.35,55.0,89,81,1.99,broken clouds
655,Guadalupe Y Calvo,MX,26.1,-106.9667,61.25,17,0,9.89,clear sky
656,Tecoanapa,MX,16.5167,-98.75,82.96,56,0,8.93,clear sky
657,Sao Joao Da Barra,BR,-21.6403,-41.0511,87.8,48,20,9.22,few clouds
658,Kitimat,CA,54.0524,-128.6534,50.0,57,20,8.05,few clouds
659,Znamenskoye,RU,57.1281,73.8282,17.37,68,84,14.72,broken clouds
660,Weston,US,26.1004,-80.3998,90.0,61,93,10.31,overcast clouds
661,Padang,ID,-0.9492,100.3543,77.04,86,66,3.51,moderate rain
662,Kargasok,RU,59.0556,80.8572,15.42,77,100,19.69,overcast clouds
663,Kayseri,TR,38.737,35.4968,60.8,72,75,4.61,broken clouds
664,Eenhana,NA,-17.4667,16.3333,82.4,30,1,5.75,clear sky
665,Suntar,RU,62.1444,117.6319,15.75,92,100,6.85,overcast clouds
666,Vardo,NO,70.3705,31.1107,42.8,56,0,9.22,clear sky
667,La Mira,MX,18.035,-102.3266,82.81,41,0,8.12,clear sky
668,Agropoli,IT,40.3469,14.9966,57.0,91,48,3.0,scattered clouds
669,Zwedru,LR,6.0667,-8.1281,89.71,53,73,2.68,broken clouds
670,Nadadores,MX,27.05,-101.6,55.4,71,90,9.22,overcast clouds
671,Tungor,RU,53.3808,142.9564,31.14,98,100,11.48,overcast clouds
672,Diffa,NE,13.3154,12.6113,97.03,5,93,7.72,overcast clouds
673,Kayes,ML,14.0,-11.0,102.74,18,81,1.61,broken clouds
674,Rapid City,US,44.0805,-103.231,62.01,25,90,17.27,overcast clouds
675,Nizhneangarsk,RU,55.7833,109.55,10.92,77,88,5.59,overcast clouds
676,Timra,SE,62.487,17.3257,48.2,57,0,6.91,clear sky
677,Bijar,IR,35.8668,47.6051,60.03,35,82,8.77,broken clouds
678,Serdobsk,RU,52.4586,44.2169,46.31,90,80,6.62,light rain
679,Caloundra,AU,-26.8,153.1333,62.01,89,7,1.01,clear sky
680,Onguday,RU,50.75,86.15,39.6,58,0,4.81,clear sky
681,Elliot Lake,CA,46.3834,-82.6331,48.2,61,1,9.22,clear sky
682,Itupiranga,BR,-5.1347,-49.3267,76.32,89,100,2.37,overcast clouds
683,Gornopravdinsk,RU,60.05,69.9,13.96,68,86,6.62,overcast clouds
684,Derzhavinsk,KZ,51.1,66.3167,48.27,67,53,18.1,broken clouds
685,Tucuman,AR,-26.8241,-65.2226,80.6,65,75,6.91,broken clouds
686,Kemijarvi,FI,66.7131,27.4306,37.24,95,16,3.2,few clouds
687,Shangqiu,CN,34.45,115.65,49.51,56,11,7.81,few clouds
688,Thinadhoo,MV,0.5333,72.9333,83.61,59,27,6.69,scattered clouds
689,Sao Geraldo Do Araguaia,BR,-6.4006,-48.555,82.49,82,81,2.89,light rain
690,Darhan,MN,49.4867,105.9228,35.35,36,23,3.98,few clouds
691,Aras,ES,42.5617,-2.356,66.2,27,0,4.61,clear sky
692,Valera,VE,9.3178,-70.6036,89.08,47,96,5.08,overcast clouds
693,Totskoye,RU,52.5248,52.7623,53.01,46,88,13.8,overcast clouds
694,Kisiwani,TZ,-4.1333,37.95,70.16,90,98,4.12,light rain
695,Kresttsy,RU,58.2452,32.5165,49.64,54,62,9.53,broken clouds
696,Atikokan,CA,48.7555,-91.6216,40.24,94,100,8.75,overcast clouds
697,Havre-Saint-Pierre,CA,50.2334,-63.5986,41.0,56,90,9.22,overcast clouds
